{
  "location": {
    "world": "world",
    "x": 117.76010853748308,
    "y": 94.0,
    "z": 57.99498491886499,
    "yaw": 171.45038,
    "pitch": -8.550154
  },
  "groups": [],
  "operator": false,
  "can-fly": false,
  "walk-speed": 0.2,
  "fly-speed": 0.1
}